<?xml version="1.0" encoding="utf-8"?>
<install type="module" version="1.5.0">
    <!-- Name of the Module -->
        <name>Article As Module</name> 
 
    <!-- Name of the Author -->
        <author>Malaiselvan</author> 
 
    <!-- Version Date of the Module -->
        <creationDate>01-Feb-2009</creationDate> 
 
    <!-- Copyright information -->
        <copyright>All rights reserved by www.jeema.net.</copyright> 
 
    <!-- License Information -->
        <license>GPL 2.0</license> 
 
    <!-- Author's email address -->
        <authorEmail>support@jeema.net</authorEmail> 
 
    <!-- Author's website -->
        <authorUrl>www.jeema.net</authorUrl> 
 
    <!-- Module version number -->
        <version>1.0.0</version> 
 
    <!-- Description of what the module does -->
        <description>Displays Article as a simple module</description>
 
    <!-- Listing of all files that should be installed for the module to function -->
        <files>
        <!-- The "module" attribute signifies that this is the main controller file -->
                <filename module="mod_articleasmodule">mod_articleasmodule.php</filename>
                <filename>index.html</filename>
                <filename>helper.php</filename>
                <filename>tmpl/default.php</filename>
                <filename>tmpl/index.html</filename>
        </files>
 
    <languages>
        <!-- Any language files included with the module -->
        <language tag="en-GB">en-GB.mod_articleasmodule.ini</language>
    </languages>
 
    <!-- Optional parameters -->
        <params>
        <!-- parameter to allow placement of a module class suffix for the module table / xhtml display -->
        <param name="moduleclass_sfx" type="text" default="" label="Module Class Suffix" description="PARAMMODULECLASSSUFFIX" />
 
        <!-- just gives us a little room between the previous paramter and the next -->
        <param name="@spacer" type="spacer" default="" label="" description="" />
 
        <param name="article_id" type="text" default="1" label="LABEL ARTICLE ID" description="DESC ARTICLE ID"/>
        <param name="item_id" type="text" default="" label="LABEL ITEM ID" description="DESC ITEM ID"/>

        <!-- just gives us a little room between the previous paramter and the next -->
        <param name="@spacer" type="spacer" default="" label="" description="" />

        <param name="show_head" type="list" default="1" label="LABEL SHOW HEAD" description="DESC SHOW HEAD">
            <option value="1">Show</option>
            <option value="0">Hide</option>
        </param>
        <param name="head_link" type="list" default="1" label="LABEL HEAD LINK" description="DESC HEAD LINK">
            <option value="1">Show</option>
            <option value="0">Hide</option>
        </param>
        <param name="head_pre_css" type="textarea" rows="3" cols="30" default="&lt;div class='articleheading'&gt;" label="LABEL HEAD PRE CSS" description="DESC HEAD PRE CSS"/>
        <param name="head_post_css" type="textarea" rows="3" cols="30" default="&lt;/div&gt;" label="LABEL HEAD POST CSS" description="DESC HEAD POST CSS"/>

        <!-- just gives us a little room between the previous paramter and the next -->
        <param name="@spacer" type="spacer" default="" label="" description="" />

        <param name="article_pre_css" type="textarea" rows="3" cols="30" default="&lt;div style='margin:10px'&gt; &lt;b&gt;" label="LABEL ARTICLE PRE CSS" description="DESC ARTICLE PRE CSS"/>
        <param name="article_post_css" type="textarea" rows="3" cols="30" default="&lt;/b>&lt;/div&gt;" label="LABEL ARTICLE POST CSS" description="DESC ARTICLE POST CSS"/>

        <!-- just gives us a little room between the previous paramter and the next -->
        <param name="@spacer" type="spacer" default="" label="" description="" />
        
        <param name="read_more" type="list" default="1" label="LABEL READ MORE" description="DESC READ MORE">
            <option value="1">Show</option>
            <option value="0">Hide</option>
        </param>
        <param name="read_more_css" type="text" size="10" default="readmore" label="LABEL READ MORE CSS" description="DESC READ MORE CSS"/>
        <param name="read_more_text" type="text" default="More..." label="LABEL READ MORE TEXT" description="DESC READ MORE TEXT"/>

        </params>
</install>
