<?xml version="1.0" encoding="utf-8"?>
<install version="1.5" type="plugin" group="search">
	<name>Search - CP Tags</name>
	<author>Andrea Forghieri</author>
	<creationDate>2009-06-12</creationDate>
	<copyright>(C) 2009 Solidsystem. All rights reserved.</copyright>
	<license>http://www.gnu.org/licenses/gpl-2.0.html GNU/GPL</license>
	<authorEmail>info@solidsystem.it</authorEmail>
	<authorUrl>www.solidsystem.it</authorUrl>
	<version>1.98</version>
	<description>Allows searching of all CP-tagged articles. Parameters are set in Custom Properties configuration.</description>
	<files>
		<filename plugin="cptags">cptags.php</filename>
	</files>
</install>