<?xml version="1.0" encoding="utf-8"?>
<install type="module" version="1.5.0">
	<name>JV SlideShow</name>
	<author>JoomVision</author>
	<creationDate>10/28/2009</creationDate>
	<copyright>Joomla!</copyright>
	<license>GNU/GPL</license>
	<authorEmail>webmaster@joomvision.com</authorEmail>
	<authorUrl>www.joomvision.com</authorUrl>
	<version>1.5.1</version>
	<description>[JOOMVISION] JV Slideshow allows you to quickly and easily display a selection of images and transition between them.</description>
	<files>
		<filename module="mod_jvslideshow">mod_jvslideshow.php</filename>
        <filename>index.html</filename>
        <filename>helper.php</filename>
        <folder>tmpl/</folder>
		<folder>assets/</folder>
	</files>

	<params>
		<param name="moduleclass_sfx" type="text" default="" label="Module Class Suffix" description="PARAMMODULECLASSSUFFIX" />
		<param name="folder" type="text" default="images/stories/food/" size="50" label="Folder" description="Folder" /> 
		<param name="order" type="list" default="0" label="Sort Order" description="The Sor Order of The Images">
			<option value="0">Ascending</option>
			<option value="1">Descending</option>
			<option value="2">Random</option>
		</param>
	  	<param name="autorun" type="radio" default="1" label="Autorun" description="Enable or Disable Autorun">
			<option value="0">No</option>
			<option value="1">Yes</option>
		</param>
		<param name="transition" type="list" default="fade" label="Animation Type" description="Animation Type">
			<option value="fade">Fade</option>
			<option value="fadeslideleft">Fade and Right-to-Left</option>
			<option value="fadeslideright">Fade and Left-to-Right</option>
			<option value="continuoushorizontal">Right-to-Left</option>
			<option value="continuoushorizontalright">Left-to-Right</option>
			<option value="continuousvertical">Buttom-Up</option>
			<option value="continuousverticalbuttom">Top-Down</option>
		</param>
		<param name="width" type="text" default="180" label="Width (PX)" description="The Width of Slide" /> 
		<param name="height" type="text" default="82" label="Height (PX)" description="The Height of Slide" /> 
		<param name="duration" type="text" default="500" label="Transition Duration" description="Transition Duration" /> 
		<param name="delay" type="text" default="5000" label="Delay Time" description="Time delay between each content" />
		<param name="@spacer" type="spacer" default="" label="" description="" />
		<param name="background" type="text" default="FFFFFF" label="Background color" description="Background Color" /> 
	  	<param name="arrows" type="radio" default="0" label="Show Arrows" description="Show Arrows">
			<option value="0">No</option>
			<option value="1">Yes</option>
		</param>
		<param name="showtitle" type="radio" default="0" label="Show Title" description="Enable or Disable The Title">
			<option value="0">No</option>
			<option value="1">Yes</option>
		</param>
		<param name="showdescription" type="radio" default="0" label="Show Description" description="Enable or Disable The Description">
			<option value="0">No</option>
			<option value="1">Yes</option>
		</param>
		<param name="linkable" type="radio" default="1" label="Image linkable" description="Image Linkable">
			<option value="0">No</option>
			<option value="1">Yes</option>
		</param>
		<param name="newwindow" type="radio" default="0" label="Open New Windown" description="Open News Window">
			<option value="0">No</option>
			<option value="1">Yes</option>
		</param>
		<param name="intro_lenght" type="text" default="200" label="Description Lenght" description="Description Lenght" />
		<param name="@spacer" type="spacer" default="" label="" description="" />
		<param name="title" type="textarea" cols="50" rows="15" default="" label="Titles" description="Titles" />
		<param name="link" type="textarea" cols="50" rows="15" default="" label="Links" description="Links" />
		<param name="description" type="textarea" cols="50" rows="15" default="" label="Descriptions" description="Descriptions" />
	</params>
	<params group="advanced">
		<param name="cache" type="list" default="1" label="Caching" description="Select whether to cache the content of this module">
			<option value="1">Use global</option>
			<option value="0">No caching</option>
		</param>
		<param name="cache_time" type="text" default="900" label="Cache Time" description="The time before the module is recached" />
	</params>
</install>