<?xml version="1.0" encoding="utf-8"?>
<install type="module" version="1.5.0">
	<name>Artical</name>
	<creationDate>February 2009</creationDate>
	<author>Digihaven</author>
	<authorEmail>support@digihaven.com</authorEmail>
	<authorUrl>www.digihaven.com</authorUrl>
	<copyright>Copyright (c) 2009 Adam Florizone. All rights reserved. Copyright (c) 2009 Digihaven Technology and Design Canada. All rights reserved.</copyright>
	<license>http://www.gnu.org/copyleft/gpl.html GNU/GPL</license>
	<version>1.5.1.6</version>
	<description>Allows you to use an Artical as a Module. Also support Front page editing.</description>
	<files>
		<filename module="mod_article">mod_article.php</filename>
		<filename>view.html.php</filename>
	</files>

	<params addpath="/administrator/components/com_content/elements">
		<param name="moduleclass_sfx" type="text" default="" label="Module Class Suffix" description="PARAMMODULECLASSSUFFIX" />
		<param name="@spacer" type="spacer" default="" label="" description="" />
		<param name="id" type="article" default="none" label="Select Article" description="An article" />
	</params>
</install>
